VIV 1,Vivid Voltage
VIV 2,Vivid Voltage
VIV 3,Vivid Voltage
VIV 4,Vivid Voltage
VIV 5,Vivid Voltage
VIV 6,Vivid Voltage
VIV 7,Vivid Voltage
VIV 8,Vivid Voltage
VIV 9,Vivid Voltage
VIV 10,Vivid Voltage
VIV 11,Vivid Voltage
VIV 12,Vivid Voltage
VIV 13,Vivid Voltage
VIV 14,Vivid Voltage
VIV 15,Vivid Voltage
VIV 16,Vivid Voltage
VIV 17,Vivid Voltage
VIV 18,Vivid Voltage
VIV 19,Vivid Voltage
VIV 20,Vivid Voltage
VIV 21,Vivid Voltage
VIV 22,Vivid Voltage
VIV 23,Vivid Voltage
VIV 24,Vivid Voltage
VIV 25,Vivid Voltage
VIV 26,Vivid Voltage
VIV 27,Vivid Voltage
VIV 28,Vivid Voltage
VIV 29,Vivid Voltage
VIV 30,Vivid Voltage
VIV 31,Vivid Voltage
VIV 32,Vivid Voltage
VIV 33,Vivid Voltage
VIV 34,Vivid Voltage
VIV 35,Vivid Voltage
VIV 36,Vivid Voltage
VIV 37,Vivid Voltage
VIV 38,Vivid Voltage
VIV 39,Vivid Voltage
VIV 40,Vivid Voltage
VIV 41,Vivid Voltage
VIV 42,Vivid Voltage
VIV 43,Vivid Voltage
VIV 44,Vivid Voltage
VIV 45,Vivid Voltage
VIV 46,Vivid Voltage
VIV 47,Vivid Voltage
VIV 48,Vivid Voltage
VIV 49,Vivid Voltage
VIV 50,Vivid Voltage
VIV 51,Vivid Voltage
VIV 52,Vivid Voltage
VIV 53,Vivid Voltage
VIV 54,Vivid Voltage
VIV 55,Vivid Voltage
VIV 56,Vivid Voltage
VIV 57,Vivid Voltage
VIV 58,Vivid Voltage
VIV 59,Vivid Voltage
VIV 60,Vivid Voltage
VIV 61,Vivid Voltage
VIV 62,Vivid Voltage
VIV 63,Vivid Voltage
VIV 64,Vivid Voltage
VIV 65,Vivid Voltage
VIV 66,Vivid Voltage
VIV 67,Vivid Voltage
VIV 68,Vivid Voltage
VIV 69,Vivid Voltage
VIV 70,Vivid Voltage
VIV 71,Vivid Voltage
VIV 72,Vivid Voltage
VIV 73,Vivid Voltage
VIV 74,Vivid Voltage
VIV 75,Vivid Voltage
VIV 76,Vivid Voltage
VIV 77,Vivid Voltage
VIV 78,Vivid Voltage
VIV 79,Vivid Voltage
VIV 80,Vivid Voltage
VIV 81,Vivid Voltage
VIV 82,Vivid Voltage
VIV 83,Vivid Voltage
VIV 84,Vivid Voltage
VIV 85,Vivid Voltage
VIV 86,Vivid Voltage
VIV 87,Vivid Voltage
VIV 88,Vivid Voltage
VIV 89,Vivid Voltage
VIV 90,Vivid Voltage
VIV 91,Vivid Voltage
VIV 92,Vivid Voltage
VIV 93,Vivid Voltage
VIV 94,Vivid Voltage
VIV 95,Vivid Voltage
VIV 96,Vivid Voltage
VIV 97,Vivid Voltage
VIV 98,Vivid Voltage
VIV 99,Vivid Voltage
VIV 100,Vivid Voltage
VIV 101,Vivid Voltage
VIV 102,Vivid Voltage
VIV 103,Vivid Voltage
VIV 104,Vivid Voltage
VIV 105,Vivid Voltage
VIV 106,Vivid Voltage
VIV 107,Vivid Voltage
VIV 108,Vivid Voltage
VIV 109,Vivid Voltage
VIV 110,Vivid Voltage
VIV 111,Vivid Voltage
VIV 112,Vivid Voltage
VIV 113,Vivid Voltage
VIV 114,Vivid Voltage
VIV 115,Vivid Voltage
VIV 116,Vivid Voltage
VIV 117,Vivid Voltage
VIV 118,Vivid Voltage
VIV 119,Vivid Voltage
VIV 120,Vivid Voltage
VIV 121,Vivid Voltage
VIV 122,Vivid Voltage
VIV 123,Vivid Voltage
VIV 124,Vivid Voltage
VIV 125,Vivid Voltage
VIV 126,Vivid Voltage
VIV 127,Vivid Voltage
VIV 128,Vivid Voltage
VIV 129,Vivid Voltage
VIV 130,Vivid Voltage
VIV 131,Vivid Voltage
VIV 132,Vivid Voltage
VIV 133,Vivid Voltage
VIV 134,Vivid Voltage
VIV 135,Vivid Voltage
VIV 136,Vivid Voltage
VIV 137,Vivid Voltage
VIV 138,Vivid Voltage
VIV 139,Vivid Voltage
VIV 140,Vivid Voltage
VIV 141,Vivid Voltage
VIV 142,Vivid Voltage
VIV 143,Vivid Voltage
VIV 144,Vivid Voltage
VIV 145,Vivid Voltage
VIV 146,Vivid Voltage
VIV 147,Vivid Voltage
VIV 148,Vivid Voltage
VIV 149,Vivid Voltage
VIV 150,Vivid Voltage
VIV 151,Vivid Voltage
VIV 152,Vivid Voltage
VIV 153,Vivid Voltage
VIV 154,Vivid Voltage
VIV 155,Vivid Voltage
VIV 156,Vivid Voltage
VIV 157,Vivid Voltage
VIV 158,Vivid Voltage
VIV 159,Vivid Voltage
VIV 160,Vivid Voltage
VIV 161,Vivid Voltage
VIV 162,Vivid Voltage
VIV 163,Vivid Voltage
VIV 164,Vivid Voltage
VIV 165,Vivid Voltage
VIV 166,Vivid Voltage
VIV 167,Vivid Voltage
VIV 168,Vivid Voltage
VIV 169,Vivid Voltage
VIV 170,Vivid Voltage
VIV 171,Vivid Voltage
VIV 172,Vivid Voltage
VIV 173,Vivid Voltage
VIV 174,Vivid Voltage
VIV 175,Vivid Voltage
VIV 176,Vivid Voltage
VIV 177,Vivid Voltage
VIV 178,Vivid Voltage
VIV 179,Vivid Voltage
VIV 180,Vivid Voltage
VIV 181,Vivid Voltage
VIV 182,Vivid Voltage
VIV 183,Vivid Voltage
VIV 184,Vivid Voltage
VIV 185,Vivid Voltage
