SetID,SetName
SSH 1,Sword & Shield
SSH 2,Sword & Shield
SSH 3,Sword & Shield
SSH 4,Sword & Shield
SSH 5,Sword & Shield
SSH 6,Sword & Shield
SSH 7,Sword & Shield
SSH 8,Sword & Shield
SSH 9,Sword & Shield
SSH 10,Sword & Shield
SSH 11,Sword & Shield
SSH 12,Sword & Shield
SSH 13,Sword & Shield
SSH 14,Sword & Shield
SSH 15,Sword & Shield
SSH 16,Sword & Shield
SSH 17,Sword & Shield
SSH 18,Sword & Shield
SSH 19,Sword & Shield
SSH 20,Sword & Shield
SSH 21,Sword & Shield
SSH 22,Sword & Shield
SSH 23,Sword & Shield
SSH 24,Sword & Shield
SSH 25,Sword & Shield
SSH 26,Sword & Shield
SSH 27,Sword & Shield
SSH 28,Sword & Shield
SSH 29,Sword & Shield
SSH 30,Sword & Shield
SSH 31,Sword & Shield
SSH 32,Sword & Shield
SSH 33,Sword & Shield
SSH 34,Sword & Shield
SSH 35,Sword & Shield
SSH 36,Sword & Shield
SSH 37,Sword & Shield
SSH 38,Sword & Shield
SSH 39,Sword & Shield
SSH 40,Sword & Shield
SSH 41,Sword & Shield
SSH 42,Sword & Shield
SSH 43,Sword & Shield
SSH 44,Sword & Shield
SSH 45,Sword & Shield
SSH 46,Sword & Shield
SSH 47,Sword & Shield
SSH 48,Sword & Shield
SSH 49,Sword & Shield
SSH 50,Sword & Shield
SSH 51,Sword & Shield
SSH 52,Sword & Shield
SSH 53,Sword & Shield
SSH 54,Sword & Shield
SSH 55,Sword & Shield
SSH 56,Sword & Shield
SSH 57,Sword & Shield
SSH 58,Sword & Shield
SSH 59,Sword & Shield
SSH 60,Sword & Shield
SSH 61,Sword & Shield
SSH 62,Sword & Shield
SSH 63,Sword & Shield
SSH 64,Sword & Shield
SSH 65,Sword & Shield
SSH 66,Sword & Shield
SSH 67,Sword & Shield
SSH 68,Sword & Shield
SSH 69,Sword & Shield
SSH 70,Sword & Shield
SSH 71,Sword & Shield
SSH 72,Sword & Shield
SSH 73,Sword & Shield
SSH 74,Sword & Shield
SSH 75,Sword & Shield
SSH 76,Sword & Shield
SSH 77,Sword & Shield
SSH 78,Sword & Shield
SSH 79,Sword & Shield
SSH 80,Sword & Shield
SSH 81,Sword & Shield
SSH 82,Sword & Shield
SSH 83,Sword & Shield
SSH 84,Sword & Shield
SSH 85,Sword & Shield
SSH 86,Sword & Shield
SSH 87,Sword & Shield
SSH 88,Sword & Shield
SSH 89,Sword & Shield
SSH 90,Sword & Shield
SSH 91,Sword & Shield
SSH 92,Sword & Shield
SSH 93,Sword & Shield
SSH 94,Sword & Shield
SSH 95,Sword & Shield
SSH 96,Sword & Shield
SSH 97,Sword & Shield
SSH 98,Sword & Shield
SSH 99,Sword & Shield
SSH 100,Sword & Shield
SSH 101,Sword & Shield
SSH 102,Sword & Shield
SSH 103,Sword & Shield
SSH 104,Sword & Shield
SSH 105,Sword & Shield
SSH 106,Sword & Shield
SSH 107,Sword & Shield
SSH 108,Sword & Shield
SSH 109,Sword & Shield
SSH 110,Sword & Shield
SSH 111,Sword & Shield
SSH 112,Sword & Shield
SSH 113,Sword & Shield
SSH 114,Sword & Shield
SSH 115,Sword & Shield
SSH 116,Sword & Shield
SSH 117,Sword & Shield
SSH 118,Sword & Shield
SSH 119,Sword & Shield
SSH 120,Sword & Shield
SSH 121,Sword & Shield
SSH 122,Sword & Shield
SSH 123,Sword & Shield
SSH 124,Sword & Shield
SSH 125,Sword & Shield
SSH 126,Sword & Shield
SSH 127,Sword & Shield
SSH 128,Sword & Shield
SSH 129,Sword & Shield
SSH 130,Sword & Shield
SSH 131,Sword & Shield
SSH 132,Sword & Shield
SSH 133,Sword & Shield
SSH 134,Sword & Shield
SSH 135,Sword & Shield
SSH 136,Sword & Shield
SSH 137,Sword & Shield
SSH 138,Sword & Shield
SSH 139,Sword & Shield
SSH 140,Sword & Shield
SSH 141,Sword & Shield
SSH 142,Sword & Shield
SSH 143,Sword & Shield
SSH 144,Sword & Shield
SSH 145,Sword & Shield
SSH 146,Sword & Shield
SSH 147,Sword & Shield
SSH 148,Sword & Shield
SSH 149,Sword & Shield
SSH 150,Sword & Shield
SSH 151,Sword & Shield
SSH 152,Sword & Shield
SSH 153,Sword & Shield
SSH 154,Sword & Shield
SSH 155,Sword & Shield
SSH 156,Sword & Shield
SSH 157,Sword & Shield
SSH 158,Sword & Shield
SSH 159,Sword & Shield
SSH 160,Sword & Shield
SSH 161,Sword & Shield
SSH 162,Sword & Shield
SSH 163,Sword & Shield
SSH 164,Sword & Shield
SSH 165,Sword & Shield
SSH 166,Sword & Shield
SSH 167,Sword & Shield
SSH 168,Sword & Shield
SSH 169,Sword & Shield
SSH 170,Sword & Shield
SSH 171,Sword & Shield
SSH 172,Sword & Shield
SSH 173,Sword & Shield
SSH 174,Sword & Shield
SSH 175,Sword & Shield
SSH 176,Sword & Shield
SSH 177,Sword & Shield
SSH 178,Sword & Shield
SSH 179,Sword & Shield
SSH 180,Sword & Shield
SSH 181,Sword & Shield
SSH 182,Sword & Shield
SSH 183,Sword & Shield
SSH 184,Sword & Shield
SSH 185,Sword & Shield
SSH 186,Sword & Shield
SSH 187,Sword & Shield
SSH 188,Sword & Shield
SSH 189,Sword & Shield
SSH 190,Sword & Shield
SSH 191,Sword & Shield
SSH 192,Sword & Shield
SSH 193,Sword & Shield
SSH 194,Sword & Shield
SSH 195,Sword & Shield
SSH 196,Sword & Shield
SSH 197,Sword & Shield
SSH 198,Sword & Shield
SSH 199,Sword & Shield
SSH 200,Sword & Shield
SSH 201,Sword & Shield
SSH 202,Sword & Shield
RCL 1,Rebel Clash
RCL 2,Rebel Clash
RCL 3,Rebel Clash
RCL 4,Rebel Clash
RCL 5,Rebel Clash
RCL 6,Rebel Clash
RCL 7,Rebel Clash
RCL 8,Rebel Clash
RCL 9,Rebel Clash
RCL 10,Rebel Clash
RCL 11,Rebel Clash
RCL 12,Rebel Clash
RCL 13,Rebel Clash
RCL 14,Rebel Clash
RCL 15,Rebel Clash
RCL 16,Rebel Clash
RCL 17,Rebel Clash
RCL 18,Rebel Clash
RCL 19,Rebel Clash
RCL 20,Rebel Clash
RCL 21,Rebel Clash
RCL 22,Rebel Clash
RCL 23,Rebel Clash
RCL 24,Rebel Clash
RCL 25,Rebel Clash
RCL 26,Rebel Clash
RCL 27,Rebel Clash
RCL 28,Rebel Clash
RCL 29,Rebel Clash
RCL 30,Rebel Clash
RCL 31,Rebel Clash
RCL 32,Rebel Clash
RCL 33,Rebel Clash
RCL 34,Rebel Clash
RCL 35,Rebel Clash
RCL 36,Rebel Clash
RCL 37,Rebel Clash
RCL 38,Rebel Clash
RCL 39,Rebel Clash
RCL 40,Rebel Clash
RCL 41,Rebel Clash
RCL 42,Rebel Clash
RCL 43,Rebel Clash
RCL 44,Rebel Clash
RCL 45,Rebel Clash
RCL 46,Rebel Clash
RCL 47,Rebel Clash
RCL 48,Rebel Clash
RCL 49,Rebel Clash
RCL 50,Rebel Clash
RCL 51,Rebel Clash
RCL 52,Rebel Clash
RCL 53,Rebel Clash
RCL 54,Rebel Clash
RCL 55,Rebel Clash
RCL 56,Rebel Clash
RCL 57,Rebel Clash
RCL 58,Rebel Clash
RCL 59,Rebel Clash
RCL 60,Rebel Clash
RCL 61,Rebel Clash
RCL 62,Rebel Clash
RCL 63,Rebel Clash
RCL 64,Rebel Clash
RCL 65,Rebel Clash
RCL 66,Rebel Clash
RCL 67,Rebel Clash
RCL 68,Rebel Clash
RCL 69,Rebel Clash
RCL 70,Rebel Clash
RCL 71,Rebel Clash
RCL 72,Rebel Clash
RCL 73,Rebel Clash
RCL 74,Rebel Clash
RCL 75,Rebel Clash
RCL 76,Rebel Clash
RCL 77,Rebel Clash
RCL 78,Rebel Clash
RCL 79,Rebel Clash
RCL 80,Rebel Clash
RCL 81,Rebel Clash
RCL 82,Rebel Clash
RCL 83,Rebel Clash
RCL 84,Rebel Clash
RCL 85,Rebel Clash
RCL 86,Rebel Clash
RCL 87,Rebel Clash
RCL 88,Rebel Clash
RCL 89,Rebel Clash
RCL 90,Rebel Clash
RCL 91,Rebel Clash
RCL 92,Rebel Clash
RCL 93,Rebel Clash
RCL 94,Rebel Clash
RCL 95,Rebel Clash
RCL 96,Rebel Clash
RCL 97,Rebel Clash
RCL 98,Rebel Clash
RCL 99,Rebel Clash
RCL 100,Rebel Clash
RCL 101,Rebel Clash
RCL 102,Rebel Clash
RCL 103,Rebel Clash
RCL 104,Rebel Clash
RCL 105,Rebel Clash
RCL 106,Rebel Clash
RCL 107,Rebel Clash
RCL 108,Rebel Clash
RCL 109,Rebel Clash
RCL 110,Rebel Clash
RCL 111,Rebel Clash
RCL 112,Rebel Clash
RCL 113,Rebel Clash
RCL 114,Rebel Clash
RCL 115,Rebel Clash
RCL 116,Rebel Clash
RCL 117,Rebel Clash
RCL 118,Rebel Clash
RCL 119,Rebel Clash
RCL 120,Rebel Clash
RCL 121,Rebel Clash
RCL 122,Rebel Clash
RCL 123,Rebel Clash
RCL 124,Rebel Clash
RCL 125,Rebel Clash
RCL 126,Rebel Clash
RCL 127,Rebel Clash
RCL 128,Rebel Clash
RCL 129,Rebel Clash
RCL 130,Rebel Clash
RCL 131,Rebel Clash
RCL 132,Rebel Clash
RCL 133,Rebel Clash
RCL 134,Rebel Clash
RCL 135,Rebel Clash
RCL 136,Rebel Clash
RCL 137,Rebel Clash
RCL 138,Rebel Clash
RCL 139,Rebel Clash
RCL 140,Rebel Clash
RCL 141,Rebel Clash
RCL 142,Rebel Clash
RCL 143,Rebel Clash
RCL 144,Rebel Clash
RCL 145,Rebel Clash
RCL 146,Rebel Clash
RCL 147,Rebel Clash
RCL 148,Rebel Clash
RCL 149,Rebel Clash
RCL 150,Rebel Clash
RCL 151,Rebel Clash
RCL 152,Rebel Clash
RCL 153,Rebel Clash
RCL 154,Rebel Clash
RCL 155,Rebel Clash
RCL 156,Rebel Clash
RCL 157,Rebel Clash
RCL 158,Rebel Clash
RCL 159,Rebel Clash
RCL 160,Rebel Clash
RCL 161,Rebel Clash
RCL 162,Rebel Clash
RCL 163,Rebel Clash
RCL 164,Rebel Clash
RCL 165,Rebel Clash
RCL 166,Rebel Clash
RCL 167,Rebel Clash
RCL 168,Rebel Clash
RCL 169,Rebel Clash
RCL 170,Rebel Clash
RCL 171,Rebel Clash
RCL 172,Rebel Clash
RCL 173,Rebel Clash
RCL 174,Rebel Clash
RCL 175,Rebel Clash
RCL 176,Rebel Clash
RCL 177,Rebel Clash
RCL 178,Rebel Clash
RCL 179,Rebel Clash
RCL 180,Rebel Clash
RCL 181,Rebel Clash
RCL 182,Rebel Clash
RCL 183,Rebel Clash
RCL 184,Rebel Clash
RCL 185,Rebel Clash
RCL 186,Rebel Clash
RCL 187,Rebel Clash
RCL 188,Rebel Clash
RCL 189,Rebel Clash
RCL 190,Rebel Clash
RCL 191,Rebel Clash
RCL 192,Rebel Clash
DAA 1,Darkness Ablaze
DAA 2,Darkness Ablaze
DAA 3,Darkness Ablaze
DAA 4,Darkness Ablaze
DAA 5,Darkness Ablaze
DAA 6,Darkness Ablaze
DAA 7,Darkness Ablaze
DAA 8,Darkness Ablaze
DAA 9,Darkness Ablaze
DAA 10,Darkness Ablaze
DAA 11,Darkness Ablaze
DAA 12,Darkness Ablaze
DAA 13,Darkness Ablaze
DAA 14,Darkness Ablaze
DAA 15,Darkness Ablaze
DAA 16,Darkness Ablaze
DAA 17,Darkness Ablaze
DAA 18,Darkness Ablaze
DAA 19,Darkness Ablaze
DAA 20,Darkness Ablaze
DAA 21,Darkness Ablaze
DAA 22,Darkness Ablaze
DAA 23,Darkness Ablaze
DAA 24,Darkness Ablaze
DAA 25,Darkness Ablaze
DAA 26,Darkness Ablaze
DAA 27,Darkness Ablaze
DAA 28,Darkness Ablaze
DAA 29,Darkness Ablaze
DAA 30,Darkness Ablaze
DAA 31,Darkness Ablaze
DAA 32,Darkness Ablaze
DAA 33,Darkness Ablaze
DAA 34,Darkness Ablaze
DAA 35,Darkness Ablaze
DAA 36,Darkness Ablaze
DAA 37,Darkness Ablaze
DAA 38,Darkness Ablaze
DAA 39,Darkness Ablaze
DAA 40,Darkness Ablaze
DAA 41,Darkness Ablaze
DAA 42,Darkness Ablaze
DAA 43,Darkness Ablaze
DAA 44,Darkness Ablaze
DAA 45,Darkness Ablaze
DAA 46,Darkness Ablaze
DAA 47,Darkness Ablaze
DAA 48,Darkness Ablaze
DAA 49,Darkness Ablaze
DAA 50,Darkness Ablaze
DAA 51,Darkness Ablaze
DAA 52,Darkness Ablaze
DAA 53,Darkness Ablaze
DAA 54,Darkness Ablaze
DAA 55,Darkness Ablaze
DAA 56,Darkness Ablaze
DAA 57,Darkness Ablaze
DAA 58,Darkness Ablaze
DAA 59,Darkness Ablaze
DAA 60,Darkness Ablaze
DAA 61,Darkness Ablaze
DAA 62,Darkness Ablaze
DAA 63,Darkness Ablaze
DAA 64,Darkness Ablaze
DAA 65,Darkness Ablaze
DAA 66,Darkness Ablaze
DAA 67,Darkness Ablaze
DAA 68,Darkness Ablaze
DAA 69,Darkness Ablaze
DAA 70,Darkness Ablaze
DAA 71,Darkness Ablaze
DAA 72,Darkness Ablaze
DAA 73,Darkness Ablaze
DAA 74,Darkness Ablaze
DAA 75,Darkness Ablaze
DAA 76,Darkness Ablaze
DAA 77,Darkness Ablaze
DAA 78,Darkness Ablaze
DAA 79,Darkness Ablaze
DAA 80,Darkness Ablaze
DAA 81,Darkness Ablaze
DAA 82,Darkness Ablaze
DAA 83,Darkness Ablaze
DAA 84,Darkness Ablaze
DAA 85,Darkness Ablaze
DAA 86,Darkness Ablaze
DAA 87,Darkness Ablaze
DAA 88,Darkness Ablaze
DAA 89,Darkness Ablaze
DAA 90,Darkness Ablaze
DAA 91,Darkness Ablaze
DAA 92,Darkness Ablaze
DAA 93,Darkness Ablaze
DAA 94,Darkness Ablaze
DAA 95,Darkness Ablaze
DAA 96,Darkness Ablaze
DAA 97,Darkness Ablaze
DAA 98,Darkness Ablaze
DAA 99,Darkness Ablaze
DAA 100,Darkness Ablaze
DAA 101,Darkness Ablaze
DAA 102,Darkness Ablaze
DAA 103,Darkness Ablaze
DAA 104,Darkness Ablaze
DAA 105,Darkness Ablaze
DAA 106,Darkness Ablaze
DAA 107,Darkness Ablaze
DAA 108,Darkness Ablaze
DAA 109,Darkness Ablaze
DAA 110,Darkness Ablaze
DAA 111,Darkness Ablaze
DAA 112,Darkness Ablaze
DAA 113,Darkness Ablaze
DAA 114,Darkness Ablaze
DAA 115,Darkness Ablaze
DAA 116,Darkness Ablaze
DAA 117,Darkness Ablaze
DAA 118,Darkness Ablaze
DAA 119,Darkness Ablaze
DAA 120,Darkness Ablaze
DAA 121,Darkness Ablaze
DAA 122,Darkness Ablaze
DAA 123,Darkness Ablaze
DAA 124,Darkness Ablaze
DAA 125,Darkness Ablaze
DAA 126,Darkness Ablaze
DAA 127,Darkness Ablaze
DAA 128,Darkness Ablaze
DAA 129,Darkness Ablaze
DAA 130,Darkness Ablaze
DAA 131,Darkness Ablaze
DAA 132,Darkness Ablaze
DAA 133,Darkness Ablaze
DAA 134,Darkness Ablaze
DAA 135,Darkness Ablaze
DAA 136,Darkness Ablaze
DAA 137,Darkness Ablaze
DAA 138,Darkness Ablaze
DAA 139,Darkness Ablaze
DAA 140,Darkness Ablaze
DAA 141,Darkness Ablaze
DAA 142,Darkness Ablaze
DAA 143,Darkness Ablaze
DAA 144,Darkness Ablaze
DAA 145,Darkness Ablaze
DAA 146,Darkness Ablaze
DAA 147,Darkness Ablaze
DAA 148,Darkness Ablaze
DAA 149,Darkness Ablaze
DAA 150,Darkness Ablaze
DAA 151,Darkness Ablaze
DAA 152,Darkness Ablaze
DAA 153,Darkness Ablaze
DAA 154,Darkness Ablaze
DAA 155,Darkness Ablaze
DAA 156,Darkness Ablaze
DAA 157,Darkness Ablaze
DAA 158,Darkness Ablaze
DAA 159,Darkness Ablaze
DAA 160,Darkness Ablaze
DAA 161,Darkness Ablaze
DAA 162,Darkness Ablaze
DAA 163,Darkness Ablaze
DAA 164,Darkness Ablaze
DAA 165,Darkness Ablaze
DAA 166,Darkness Ablaze
DAA 167,Darkness Ablaze
DAA 168,Darkness Ablaze
DAA 169,Darkness Ablaze
DAA 170,Darkness Ablaze
DAA 171,Darkness Ablaze
DAA 172,Darkness Ablaze
DAA 173,Darkness Ablaze
DAA 174,Darkness Ablaze
DAA 175,Darkness Ablaze
DAA 176,Darkness Ablaze
DAA 177,Darkness Ablaze
DAA 178,Darkness Ablaze
DAA 179,Darkness Ablaze
DAA 180,Darkness Ablaze
DAA 181,Darkness Ablaze
DAA 182,Darkness Ablaze
DAA 183,Darkness Ablaze
DAA 184,Darkness Ablaze
DAA 185,Darkness Ablaze
DAA 186,Darkness Ablaze
DAA 187,Darkness Ablaze
DAA 188,Darkness Ablaze
DAA 189,Darkness Ablaze
VIV 1,Vivid Ablaze
VIV 2,Vivid Ablaze
VIV 3,Vivid Ablaze
VIV 4,Vivid Ablaze
VIV 5,Vivid Ablaze
VIV 6,Vivid Ablaze
VIV 7,Vivid Ablaze
VIV 8,Vivid Ablaze
VIV 9,Vivid Ablaze
VIV 10,Vivid Ablaze
VIV 11,Vivid Ablaze
VIV 12,Vivid Ablaze
VIV 13,Vivid Ablaze
VIV 14,Vivid Ablaze
VIV 15,Vivid Ablaze
VIV 16,Vivid Ablaze
VIV 17,Vivid Ablaze
VIV 18,Vivid Ablaze
VIV 19,Vivid Ablaze
VIV 20,Vivid Ablaze
VIV 21,Vivid Ablaze
VIV 22,Vivid Ablaze
VIV 23,Vivid Ablaze
VIV 24,Vivid Ablaze
VIV 25,Vivid Ablaze
VIV 26,Vivid Ablaze
VIV 27,Vivid Ablaze
VIV 28,Vivid Ablaze
VIV 29,Vivid Ablaze
VIV 30,Vivid Ablaze
VIV 31,Vivid Ablaze
VIV 32,Vivid Ablaze
VIV 33,Vivid Ablaze
VIV 34,Vivid Ablaze
VIV 35,Vivid Ablaze
VIV 36,Vivid Ablaze
VIV 37,Vivid Ablaze
VIV 38,Vivid Ablaze
VIV 39,Vivid Ablaze
VIV 40,Vivid Ablaze
VIV 41,Vivid Ablaze
VIV 42,Vivid Ablaze
VIV 43,Vivid Ablaze
VIV 44,Vivid Ablaze
VIV 45,Vivid Ablaze
VIV 46,Vivid Ablaze
VIV 47,Vivid Ablaze
VIV 48,Vivid Ablaze
VIV 49,Vivid Ablaze
VIV 50,Vivid Ablaze
VIV 51,Vivid Ablaze
VIV 52,Vivid Ablaze
VIV 53,Vivid Ablaze
VIV 54,Vivid Ablaze
VIV 55,Vivid Ablaze
VIV 56,Vivid Ablaze
VIV 57,Vivid Ablaze
VIV 58,Vivid Ablaze
VIV 59,Vivid Ablaze
VIV 60,Vivid Ablaze
VIV 61,Vivid Ablaze
VIV 62,Vivid Ablaze
VIV 63,Vivid Ablaze
VIV 64,Vivid Ablaze
VIV 65,Vivid Ablaze
VIV 66,Vivid Ablaze
VIV 67,Vivid Ablaze
VIV 68,Vivid Ablaze
VIV 69,Vivid Ablaze
VIV 70,Vivid Ablaze
VIV 71,Vivid Ablaze
VIV 72,Vivid Ablaze
VIV 73,Vivid Ablaze
VIV 74,Vivid Ablaze
VIV 75,Vivid Ablaze
VIV 76,Vivid Ablaze
VIV 77,Vivid Ablaze
VIV 78,Vivid Ablaze
VIV 79,Vivid Ablaze
VIV 80,Vivid Ablaze
VIV 81,Vivid Ablaze
VIV 82,Vivid Ablaze
VIV 83,Vivid Ablaze
VIV 84,Vivid Ablaze
VIV 85,Vivid Ablaze
VIV 86,Vivid Ablaze
VIV 87,Vivid Ablaze
VIV 88,Vivid Ablaze
VIV 89,Vivid Ablaze
VIV 90,Vivid Ablaze
VIV 91,Vivid Ablaze
VIV 92,Vivid Ablaze
VIV 93,Vivid Ablaze
VIV 94,Vivid Ablaze
VIV 95,Vivid Ablaze
VIV 96,Vivid Ablaze
VIV 97,Vivid Ablaze
VIV 98,Vivid Ablaze
VIV 99,Vivid Ablaze
VIV 100,Vivid Ablaze
VIV 101,Vivid Ablaze
VIV 102,Vivid Ablaze
VIV 103,Vivid Ablaze
VIV 104,Vivid Ablaze
VIV 105,Vivid Ablaze
VIV 106,Vivid Ablaze
VIV 107,Vivid Ablaze
VIV 108,Vivid Ablaze
VIV 109,Vivid Ablaze
VIV 110,Vivid Ablaze
VIV 111,Vivid Ablaze
VIV 112,Vivid Ablaze
VIV 113,Vivid Ablaze
VIV 114,Vivid Ablaze
VIV 115,Vivid Ablaze
VIV 116,Vivid Ablaze
VIV 117,Vivid Ablaze
VIV 118,Vivid Ablaze
VIV 119,Vivid Ablaze
VIV 120,Vivid Ablaze
VIV 121,Vivid Ablaze
VIV 122,Vivid Ablaze
VIV 123,Vivid Ablaze
VIV 124,Vivid Ablaze
VIV 125,Vivid Ablaze
VIV 126,Vivid Ablaze
VIV 127,Vivid Ablaze
VIV 128,Vivid Ablaze
VIV 129,Vivid Ablaze
VIV 130,Vivid Ablaze
VIV 131,Vivid Ablaze
VIV 132,Vivid Ablaze
VIV 133,Vivid Ablaze
VIV 134,Vivid Ablaze
VIV 135,Vivid Ablaze
VIV 136,Vivid Ablaze
VIV 137,Vivid Ablaze
VIV 138,Vivid Ablaze
VIV 139,Vivid Ablaze
VIV 140,Vivid Ablaze
VIV 141,Vivid Ablaze
VIV 142,Vivid Ablaze
VIV 143,Vivid Ablaze
VIV 144,Vivid Ablaze
VIV 145,Vivid Ablaze
VIV 146,Vivid Ablaze
VIV 147,Vivid Ablaze
VIV 148,Vivid Ablaze
VIV 149,Vivid Ablaze
VIV 150,Vivid Ablaze
VIV 151,Vivid Ablaze
VIV 152,Vivid Ablaze
VIV 153,Vivid Ablaze
VIV 154,Vivid Ablaze
VIV 155,Vivid Ablaze
VIV 156,Vivid Ablaze
VIV 157,Vivid Ablaze
VIV 158,Vivid Ablaze
VIV 159,Vivid Ablaze
VIV 160,Vivid Ablaze
VIV 161,Vivid Ablaze
VIV 162,Vivid Ablaze
VIV 163,Vivid Ablaze
VIV 164,Vivid Ablaze
VIV 165,Vivid Ablaze
VIV 166,Vivid Ablaze
VIV 167,Vivid Ablaze
VIV 168,Vivid Ablaze
VIV 169,Vivid Ablaze
VIV 170,Vivid Ablaze
VIV 171,Vivid Ablaze
VIV 172,Vivid Ablaze
VIV 173,Vivid Ablaze
VIV 174,Vivid Ablaze
VIV 175,Vivid Ablaze
VIV 176,Vivid Ablaze
VIV 177,Vivid Ablaze
VIV 178,Vivid Ablaze
VIV 179,Vivid Ablaze
VIV 180,Vivid Ablaze
VIV 181,Vivid Ablaze
VIV 182,Vivid Ablaze
VIV 183,Vivid Ablaze
VIV 184,Vivid Ablaze
VIV 185,Vivid Ablaze
BST 1,Battle Styles
BST 2,Battle Styles
BST 3,Battle Styles
BST 4,Battle Styles
BST 5,Battle Styles
BST 6,Battle Styles
BST 7,Battle Styles
BST 8,Battle Styles
BST 9,Battle Styles
BST 10,Battle Styles
BST 11,Battle Styles
BST 12,Battle Styles
BST 13,Battle Styles
BST 14,Battle Styles
BST 15,Battle Styles
BST 16,Battle Styles
BST 17,Battle Styles
BST 18,Battle Styles
BST 19,Battle Styles
BST 20,Battle Styles
BST 21,Battle Styles
BST 22,Battle Styles
BST 23,Battle Styles
BST 24,Battle Styles
BST 25,Battle Styles
BST 26,Battle Styles
BST 27,Battle Styles
BST 28,Battle Styles
BST 29,Battle Styles
BST 30,Battle Styles
BST 31,Battle Styles
BST 32,Battle Styles
BST 33,Battle Styles
BST 34,Battle Styles
BST 35,Battle Styles
BST 36,Battle Styles
BST 37,Battle Styles
BST 38,Battle Styles
BST 39,Battle Styles
BST 40,Battle Styles
BST 41,Battle Styles
BST 42,Battle Styles
BST 43,Battle Styles
BST 44,Battle Styles
BST 45,Battle Styles
BST 46,Battle Styles
BST 47,Battle Styles
BST 48,Battle Styles
BST 49,Battle Styles
BST 50,Battle Styles
BST 51,Battle Styles
BST 52,Battle Styles
BST 53,Battle Styles
BST 54,Battle Styles
BST 55,Battle Styles
BST 56,Battle Styles
BST 57,Battle Styles
BST 58,Battle Styles
BST 59,Battle Styles
BST 60,Battle Styles
BST 61,Battle Styles
BST 62,Battle Styles
BST 63,Battle Styles
BST 64,Battle Styles
BST 65,Battle Styles
BST 66,Battle Styles
BST 67,Battle Styles
BST 68,Battle Styles
BST 69,Battle Styles
BST 70,Battle Styles
BST 71,Battle Styles
BST 72,Battle Styles
BST 73,Battle Styles
BST 74,Battle Styles
BST 75,Battle Styles
BST 76,Battle Styles
BST 77,Battle Styles
BST 78,Battle Styles
BST 79,Battle Styles
BST 80,Battle Styles
BST 81,Battle Styles
BST 82,Battle Styles
BST 83,Battle Styles
BST 84,Battle Styles
BST 85,Battle Styles
BST 86,Battle Styles
BST 87,Battle Styles
BST 88,Battle Styles
BST 89,Battle Styles
BST 90,Battle Styles
BST 91,Battle Styles
BST 92,Battle Styles
BST 93,Battle Styles
BST 94,Battle Styles
BST 95,Battle Styles
BST 96,Battle Styles
BST 97,Battle Styles
BST 98,Battle Styles
BST 99,Battle Styles
BST 100,Battle Styles
BST 101,Battle Styles
BST 102,Battle Styles
BST 103,Battle Styles
BST 104,Battle Styles
BST 105,Battle Styles
BST 106,Battle Styles
BST 107,Battle Styles
BST 108,Battle Styles
BST 109,Battle Styles
BST 110,Battle Styles
BST 111,Battle Styles
BST 112,Battle Styles
BST 113,Battle Styles
BST 114,Battle Styles
BST 115,Battle Styles
BST 116,Battle Styles
BST 117,Battle Styles
BST 118,Battle Styles
BST 119,Battle Styles
BST 120,Battle Styles
BST 121,Battle Styles
BST 122,Battle Styles
BST 123,Battle Styles
BST 124,Battle Styles
BST 125,Battle Styles
BST 126,Battle Styles
BST 127,Battle Styles
BST 128,Battle Styles
BST 129,Battle Styles
BST 130,Battle Styles
BST 131,Battle Styles
BST 132,Battle Styles
BST 133,Battle Styles
BST 134,Battle Styles
BST 135,Battle Styles
BST 136,Battle Styles
BST 137,Battle Styles
BST 138,Battle Styles
BST 139,Battle Styles
BST 140,Battle Styles
BST 141,Battle Styles
BST 142,Battle Styles
BST 143,Battle Styles
BST 144,Battle Styles
BST 145,Battle Styles
BST 146,Battle Styles
BST 147,Battle Styles
BST 148,Battle Styles
BST 149,Battle Styles
BST 150,Battle Styles
BST 151,Battle Styles
BST 152,Battle Styles
BST 153,Battle Styles
BST 154,Battle Styles
BST 155,Battle Styles
BST 156,Battle Styles
BST 157,Battle Styles
BST 158,Battle Styles
BST 159,Battle Styles
BST 160,Battle Styles
BST 161,Battle Styles
BST 162,Battle Styles
BST 163,Battle Styles
SHF 1,Shining Fates
SHF 2,Shining Fates
SHF 3,Shining Fates
SHF 4,Shining Fates
SHF 5,Shining Fates
SHF 6,Shining Fates
SHF 7,Shining Fates
SHF 8,Shining Fates
SHF 9,Shining Fates
SHF 10,Shining Fates
SHF 11,Shining Fates
SHF 12,Shining Fates
SHF 13,Shining Fates
SHF 14,Shining Fates
SHF 15,Shining Fates
SHF 16,Shining Fates
SHF 17,Shining Fates
SHF 18,Shining Fates
SHF 19,Shining Fates
SHF 20,Shining Fates
SHF 21,Shining Fates
SHF 22,Shining Fates
SHF 23,Shining Fates
SHF 24,Shining Fates
SHF 25,Shining Fates
SHF 26,Shining Fates
SHF 27,Shining Fates
SHF 28,Shining Fates
SHF 29,Shining Fates
SHF 30,Shining Fates
SHF 31,Shining Fates
SHF 32,Shining Fates
SHF 33,Shining Fates
SHF 34,Shining Fates
SHF 35,Shining Fates
SHF 36,Shining Fates
SHF 37,Shining Fates
SHF 38,Shining Fates
SHF 39,Shining Fates
SHF 40,Shining Fates
SHF 41,Shining Fates
SHF 42,Shining Fates
SHF 43,Shining Fates
SHF 44,Shining Fates
SHF 45,Shining Fates
SHF 46,Shining Fates
SHF 47,Shining Fates
SHF 48,Shining Fates
SHF 49,Shining Fates
SHF 50,Shining Fates
SHF 51,Shining Fates
SHF 52,Shining Fates
SHF 53,Shining Fates
SHF 54,Shining Fates
SHF 55,Shining Fates
SHF 56,Shining Fates
SHF 57,Shining Fates
SHF 58,Shining Fates
SHF 59,Shining Fates
SHF 60,Shining Fates
SHF 61,Shining Fates
SHF 62,Shining Fates
SHF 63,Shining Fates
SHF 64,Shining Fates
SHF 65,Shining Fates
SHF 66,Shining Fates
SHF 67,Shining Fates
SHF 68,Shining Fates
SHF 69,Shining Fates
SHF 70,Shining Fates
SHF 71,Shining Fates
SHF 72,Shining Fates
SHF 73,Shining Fates
