UserID,Email,DoB
20,JamesELandis@einrot.com,2008-02-18
74,BeverlyRAshurst@rhyta.com,2009-01-29
80,FumikoFFraley@einrot.com,2003-02-13
76,SergioSWilson@superrito.com,1996-10-15
114,MichaelJJester@jourrapide.com,2011-12-06
78,CraigLTyler@armyspy.com,2002-03-05
150,LorenaDKirsch@jourrapide.com,1999-01-28
18,ChrisWMancini@rhyta.com,2000-09-23
9,JamesVHackett@armyspy.com,2000-04-05
23,PatrickRRogers@gustr.com,1986-12-16
96,StephanieECarter@jourrapide.com,2000-04-24
62,JudyJKnox@einrot.com,2000-12-08
3,KevinYFrench@superrito.com,1993-05-26
41,BobbieMTompkins@armyspy.com,2013-04-15
132,JackieKBailey@fleckens.hu,1994-09-06
71,PearlGSloan@einrot.com,2008-12-09
32,MistyJGamble@teleworm.us,2001-12-09
40,CarterCLankford@armyspy.com,2002-11-30
126,OwenKRodriguez@teleworm.us,1996-09-29
25,BeatriceCCraig@superrito.com,2008-03-31
125,JamieLDaugherty@superrito.com,2004-01-29
113,CaseyJBragg@teleworm.us,1986-10-06
95,MarthaJConn@cuvox.de,1996-12-23
39,JohnRClark@fleckens.hu,1997-06-17
89,RoyKSepe@teleworm.us,2010-01-23
149,ConstanceALee@fleckens.hu,1995-05-18
28,ReginaLPhillips@superrito.com,2003-01-01
104,JosephCSmith@fleckens.hu,1995-12-03
145,PaulaHClark@dayrep.com,2004-07-13
116,DavidGWalker@jourrapide.com,2008-10-02
86,FrankRGeorge@armyspy.com,1997-01-27
102,ChrisIPatton@cuvox.de,1986-10-11
133,MarieJCook@teleworm.us,2011-03-12
90,MiguelHRichards@armyspy.com,2010-08-06
8,FloreneMJohnson@armyspy.com,1988-12-19
2,LaurieCRoach@gustr.com,1993-07-23
34,LarryDPerry@fleckens.hu,1992-02-08
106,RuthRHarris@einrot.com,2004-12-04
43,CarolRSmith@armyspy.com,1992-05-02
68,WeldonDBrewer@teleworm.us,1994-05-31
66,VernonDSanders@armyspy.com,1989-03-13
70,TrevorSWright@fleckens.hu,1991-09-16
77,JulianneJThornsberry@armyspy.com,2005-12-21
52,DavidAMcCulloch@dayrep.com,1987-11-18
97,TinaKStouffer@teleworm.us,2002-10-05
44,MyAClancy@rhyta.com,2012-02-17
64,OlinLPierson@jourrapide.com,2003-01-03
11,DouglasMTorres@gustr.com,1986-08-27
94,BerthaRThurman@cuvox.de,2005-01-19
6,SharonGRussell@gustr.com,2012-03-23
53,DeloresTKirby@superrito.com,2012-01-22
103,IrmaJConard@fleckens.hu,1995-05-11
109,PatriciaDHatfield@gustr.com,2001-11-06
100,GregCGriffin@teleworm.us,2001-01-26
72,LenaRUreno@cuvox.de,1997-01-19
141,CharlesTHendrick@rhyta.com,1991-06-14
73,GeraldSHouse@superrito.com,1986-06-13
143,LeoCEastman@dayrep.com,2007-01-17
98,SusanGMartinez@superrito.com,1998-08-04
118,KeithSLarue@dayrep.com,1997-10-30
117,BrindaJLewis@rhyta.com,2013-03-05
83,ChristinaDHardy@einrot.com,1987-07-05
88,JohnAGaytan@dayrep.com,2006-07-31
110,LesterCHardy@gustr.com,2004-09-13
51,WilliamFPhillips@cuvox.de,2012-02-24
120,JohnFMoya@jourrapide.com,2010-06-18
14,MiltonDAlvarez@cuvox.de,2012-09-23
10,DanaJAnderson@fleckens.hu,1995-12-15
91,KatieEHunter@fleckens.hu,2010-09-24
5,JamesWDawson@fleckens.hu,2001-08-26
36,JohnLHardin@einrot.com,2005-07-07
24,CherylCJohnson@rhyta.com,2000-10-19
17,JenniferOPerez@jourrapide.com,1998-08-29
48,VincentRLavallie@fleckens.hu,2008-02-29
13,LillianLMaurin@einrot.com,1986-03-12
148,EldoraNShy@gustr.com,2004-09-30
130,MargaretCBlack@superrito.com,2011-07-08
82,LillieJWalker@cuvox.de,1990-12-27
134,PaulDGood@jourrapide.com,2006-12-17
123,CliffordBHarvey@teleworm.us,2002-09-22
67,KathyTBell@fleckens.hu,1990-01-10
35,JosephKLoyd@armyspy.com,2008-03-02
87,VictorMWorthington@rhyta.com,2000-04-19
21,JoseTWilliams@superrito.com,1988-05-09
69,AnnJHaney@teleworm.us,2001-07-05
55,JoeDSanchez@armyspy.com,2000-12-03
1,FreddieSBledsoe@einrot.com,2007-11-19
85,LacyBBurks@gustr.com,1998-04-23
7,SheilaDSparks@superrito.com,2006-01-28
108,GeraldCFaulk@rhyta.com,2012-10-04
84,MiraHBurton@dayrep.com,2010-06-24
19,CarmenMRowe@superrito.com,1997-12-14
138,GeneJJones@armyspy.com,2008-06-16
49,HerbertMJones@armyspy.com,2005-11-17
124,LisaHWilkins@superrito.com,2006-05-15
38,PatriciaLWelch@fleckens.hu,2008-04-21
139,FranciscaSBuchanan@rhyta.com,2009-10-19
107,WalterLBrown@einrot.com,2001-01-15
61,BrandiDStickley@gustr.com,2003-05-03
50,RicardoKMauriello@fleckens.hu,2004-05-18
29,MartaQLeal@teleworm.us,1996-12-28
33,KellyMNelson@armyspy.com,2012-12-20
129,VeniceSWilkin@rhyta.com,1999-01-28
27,MaryEScott@fleckens.hu,2009-11-26
75,ClydeEMullens@superrito.com,2007-04-19
63,AnnieJKrug@dayrep.com,2000-09-12
127,IvanJObrien@gustr.com,1987-12-01
45,AshleyRDavis@gustr.com,1990-02-18
137,BarbaraLReeves@rhyta.com,1998-03-25
81,JamesOWinters@dayrep.com,1999-09-09
60,BerthaATorres@cuvox.de,2009-07-26
22,LeslieJGonzalez@jourrapide.com,1985-06-27
12,PatriciaJLambert@dayrep.com,1994-06-11
142,RobinARodriguez@cuvox.de,1987-03-03
111,FrankieJStephens@teleworm.us,2003-03-06
16,JohnNChang@fleckens.hu,2000-12-16
128,WilliamJFranqui@einrot.com,1999-06-08
31,SusanKPorter@rhyta.com,2002-01-24
140,JohnDCovington@gustr.com,2011-09-28
65,KathleenJWormley@einrot.com,1996-12-15
26,AndrewEShelton@teleworm.us,2008-06-05
92,BryanCSanders@rhyta.com,1990-10-31
122,JeffSPaul@einrot.com,2009-09-07
99,PrestonVMorgan@cuvox.de,2011-11-11
37,JamesKJordan@superrito.com,2003-11-16
112,FranciscoDCarmon@gustr.com,1997-08-15
58,NancyRGeorge@dayrep.com,1993-05-07
119,DanaAVolz@armyspy.com,2000-12-16
57,RubyDFrench@einrot.com,2004-08-31
79,GlendaAReid@gustr.com,1990-07-04
101,OlaJWiggins@dayrep.com,1988-04-28
4,HenryMMenard@rhyta.com,2001-10-01
93,MarilynSRamirez@teleworm.us,1991-03-17
144,FannieGBuckland@rhyta.com,1999-09-27
136,JamieFAdams@teleworm.us,2013-03-29
121,GuadalupeJLindsey@dayrep.com,1989-05-16
54,RichardSThomas@dayrep.com,2002-08-10
15,JasonLMorgan@dayrep.com,2009-09-02
47,RickyCShipp@einrot.com,1987-04-18
56,MicheleJTrujillo@einrot.com,2006-10-13
146,TrentonCRivera@einrot.com,1989-07-21
30,LisaJLancaster@jourrapide.com,2010-11-05
135,KathrynPMiller@cuvox.de,1987-04-11
147,MatthewLGrey@gustr.com,2012-07-19
131,CindyCRogers@rhyta.com,1995-01-14
59,RichardMCarter@fleckens.hu,1990-08-21
105,RobertLBegay@rhyta.com,1989-07-15
115,JosephBMosley@superrito.com,2010-11-09
46,JillGDelatorre@fleckens.hu,1999-04-30
42,LonnieLMartin@gustr.com,1986-02-28
